8433415;ВитаМайн 850мл для комнатных цветов
8432421;ВитаМайн 850мл для комнатных цветов
8432422;ВитаМайн 850мл для комнатных цветов
8432423;ВитаМайн 850мл для комнатных цветов
8432424;ВитаМайн 850мл для комнатных цветов
8432425;ВитаМайн 850мл для комнатных цветов
8432426;ВитаМайн 850мл для комнатных цветов
8432427;ВитаМайн 850мл для комнатных цветов
8432428;ВитаМайн 850мл для комнатных цветов
8432429;ВитаМайн 850мл для комнатных цветов
8432430;ВитаМайн 850мл для комнатных цветов
8432431;ВитаМайн 850мл для комнатных цветов
8432432;ВитаМайн 850мл для комнатных цветов
8432433;ВитаМайн 850мл для комнатных цветов
8432434;ВитаМайн 850мл для комнатных цветов
8432435;ВитаМайн 850мл для комнатных цветов
8432436;ВитаМайн 850мл для комнатных цветов
8432437;ВитаМайн 850мл для комнатных цветов
8432438;ВитаМайн 850мл для комнатных цветов
8432439;ВитаМайн 850мл для комнатных цветов
8432440;ВитаМайн 850мл для комнатных цветов
8432441;ВитаМайн 850мл для комнатных цветов
8432442;ВитаМайн 850мл для комнатных цветов
8432443;ВитаМайн 850мл для комнатных цветов
8432444;ВитаМайн 850мл для комнатных цветов
8432445;ВитаМайн 850мл для комнатных цветов
8432446;ВитаМайн 850мл для комнатных цветов
8432447;ВитаМайн 850мл для комнатных цветов
8432448;ВитаМайн 850мл для комнатных цветов
8432551;ВитаМайн 850мл для фруктов
8432449;ВитаМайн 850мл для фруктов
8432450;ВитаМайн 850мл для фруктов
8432451;ВитаМайн 850мл для фруктов
8432452;ВитаМайн 850мл для фруктов
8432453;ВитаМайн 850мл для фруктов
8432454;ВитаМайн 850мл для фруктов
8432455;ВитаМайн 850мл для фруктов
8432456;ВитаМайн 850мл для фруктов
8432457;ВитаМайн 850мл для фруктов
8432458;ВитаМайн 850мл для фруктов
8432459;ВитаМайн 850мл для фруктов
8432460;ВитаМайн 850мл для фруктов
8432461;ВитаМайн 850мл для фруктов
8432462;ВитаМайн 850мл для фруктов
8432463;ВитаМайн 850мл для фруктов
8432464;ВитаМайн 850мл для фруктов
8432465;ВитаМайн 850мл для фруктов
8432466;ВитаМайн 850мл для фруктов
8432467;ВитаМайн 850мл для фруктов
8432468;ВитаМайн 850мл для фруктов
8432469;ВитаМайн 850мл для фруктов
8432470;ВитаМайн 850мл для фруктов
8432471;ВитаМайн 850мл для фруктов
8432472;ВитаМайн 850мл для фруктов
8432473;ВитаМайн 850мл для фруктов
8432474;ВитаМайн 850мл для фруктов
8432475;ВитаМайн 850мл для фруктов
8432476;ВитаМайн 850мл для фруктов
8432477;ВитаМайн 850мл для фруктов
8432478;ВитаМайн 850мл для фруктов
8432479;ВитаМайн 850мл для фруктов
8432480;ВитаМайн 850мл для фруктов
8432481;ВитаМайн 850мл для фруктов
8432482;ВитаМайн 850мл для фруктов
8432483;ВитаМайн 850мл для фруктов
8432484;ВитаМайн 850мл для фруктов
8432485;ВитаМайн 850мл для фруктов
8432486;ВитаМайн 850мл для фруктов
8432487;ВитаМайн 850мл для фруктов
8432488;ВитаМайн 850мл для фруктов
8432489;ВитаМайн 850мл для фруктов
8432490;ВитаМайн 850мл для фруктов
8432491;ВитаМайн 850мл для фруктов
8432492;ВитаМайн 850мл для фруктов
8432493;ВитаМайн 850мл для фруктов
8432494;ВитаМайн 850мл для фруктов
8432495;ВитаМайн 850мл для фруктов
8432496;ВитаМайн 850мл для фруктов
8432497;ВитаМайн 850мл для фруктов
8432498;ВитаМайн 850мл для фруктов
8432499;ВитаМайн 850мл для фруктов
8432500;ВитаМайн 850мл для фруктов
8432501;ВитаМайн 850мл для фруктов
8432502;ВитаМайн 850мл для фруктов
8432503;ВитаМайн 850мл для фруктов
8432504;ВитаМайн 850мл для фруктов
8432505;ВитаМайн 850мл для фруктов
8432506;ВитаМайн 850мл для фруктов
8432507;ВитаМайн 850мл для фруктов
8432508;ВитаМайн 850мл для фруктов
8432509;ВитаМайн 850мл для фруктов
8432510;ВитаМайн 850мл для фруктов
8432511;ВитаМайн 850мл для фруктов
8432512;ВитаМайн 850мл для фруктов
8432513;ВитаМайн 850мл для фруктов
8432514;ВитаМайн 850мл для фруктов
8432515;ВитаМайн 850мл для фруктов
8432516;ВитаМайн 850мл для фруктов
8432517;ВитаМайн 850мл для фруктов
8432518;ВитаМайн 850мл для фруктов
8432519;ВитаМайн 850мл для фруктов
8432520;ВитаМайн 850мл для фруктов
8432521;ВитаМайн 850мл для фруктов
8432522;ВитаМайн 850мл для фруктов
8432523;ВитаМайн 850мл для фруктов
8432524;ВитаМайн 850мл для фруктов
8432525;ВитаМайн 850мл для фруктов
8432526;ВитаМайн 850мл для фруктов
8432527;ВитаМайн 850мл для фруктов
8432528;ВитаМайн 850мл для фруктов
8432529;ВитаМайн 850мл для фруктов
8432530;ВитаМайн 850мл для фруктов
8432531;ВитаМайн 850мл для фруктов
8432532;ВитаМайн 850мл для фруктов
8432533;ВитаМайн 850мл для фруктов
8432534;ВитаМайн 850мл для фруктов
8432535;ВитаМайн 850мл для фруктов
8432536;ВитаМайн 850мл для фруктов
8432537;ВитаМайн 850мл для фруктов
8432538;ВитаМайн 850мл для фруктов
8432539;ВитаМайн 850мл для фруктов
8432540;ВитаМайн 850мл для фруктов
8432541;ВитаМайн 850мл для фруктов
8432542;ВитаМайн 850мл для фруктов
8432543;ВитаМайн 850мл для фруктов
8432544;ВитаМайн 850мл для фруктов
8432545;ВитаМайн 850мл для фруктов
8432546;ВитаМайн 850мл для фруктов
8432547;ВитаМайн 850мл для фруктов
8432548;ВитаМайн 850мл для фруктов
8432549;ВитаМайн 850мл для фруктов
8432550;ВитаМайн 850мл для фруктов
8432551;ВитаМайн 850мл для фруктов
8432552;ВитаМайн 850мл для фруктов
8432553;ВитаМайн 850мл для фруктов
8432554;ВитаМайн 850мл для фруктов
8432555;ВитаМайн 850мл для фруктов
8432556;ВитаМайн 850мл для фруктов
8433420;ВитаМайн 850мл для хвойных
8432557;ВитаМайн 850мл для хвойных
8432558;ВитаМайн 850мл для хвойных
8432559;ВитаМайн 850мл для хвойных
8432560;ВитаМайн 850мл для хвойных
8432561;ВитаМайн 850мл для хвойных
8432562;ВитаМайн 850мл для хвойных
8432563;ВитаМайн 850мл для хвойных
8432564;ВитаМайн 850мл для хвойных
8432565;ВитаМайн 850мл для хвойных
8432566;ВитаМайн 850мл для хвойных
8432567;ВитаМайн 850мл для хвойных
8432568;ВитаМайн 850мл для хвойных
8432569;ВитаМайн 850мл для хвойных
8432570;ВитаМайн 850мл для хвойных
8432571;ВитаМайн 850мл для хвойных
8432572;ВитаМайн 850мл для хвойных
8432573;ВитаМайн 850мл для хвойных
8432574;ВитаМайн 850мл для хвойных
8432575;ВитаМайн 850мл для хвойных
8432576;ВитаМайн 850мл для хвойных
8432577;ВитаМайн 850мл для хвойных
8432578;ВитаМайн 850мл для хвойных
8432579;ВитаМайн 850мл для хвойных
8432580;ВитаМайн 850мл для хвойных
8432581;ВитаМайн 850мл для хвойных
8433419;ВитаМайн 850мл для овощей
8432582;ВитаМайн 850мл для овощей
8432583;ВитаМайн 850мл для овощей
8432584;ВитаМайн 850мл для овощей
8432585;ВитаМайн 850мл для овощей
8432586;ВитаМайн 850мл для овощей
8432587;ВитаМайн 850мл для овощей
8432588;ВитаМайн 850мл для овощей
8432589;ВитаМайн 850мл для овощей
8432590;ВитаМайн 850мл для овощей
8432591;ВитаМайн 850мл для овощей
8432592;ВитаМайн 850мл для овощей
8432593;ВитаМайн 850мл для овощей
8432594;ВитаМайн 850мл для овощей
8432595;ВитаМайн 850мл для овощей
8432596;ВитаМайн 850мл для овощей
8432597;ВитаМайн 850мл для овощей
8432598;ВитаМайн 850мл для овощей
8432599;ВитаМайн 850мл для овощей
8432600;ВитаМайн 850мл для овощей
8432601;ВитаМайн 850мл для овощей
8432602;ВитаМайн 850мл для овощей
8432603;ВитаМайн 850мл для овощей
8432604;ВитаМайн 850мл для овощей
8432605;ВитаМайн 850мл для овощей
8432606;ВитаМайн 850мл для овощей
8433413;ВитаМайн 850мл для ягод
8432607;ВитаМайн 850мл для ягод
8432608;ВитаМайн 850мл для ягод
8432609;ВитаМайн 850мл для ягод
8432610;ВитаМайн 850мл для ягод
8432611;ВитаМайн 850мл для ягод
8432612;ВитаМайн 850мл для ягод
8432613;ВитаМайн 850мл для ягод
8432614;ВитаМайн 850мл для ягод
8432615;ВитаМайн 850мл для ягод
8432616;ВитаМайн 850мл для ягод
8432617;ВитаМайн 850мл для ягод
8432618;ВитаМайн 850мл для ягод
8432619;ВитаМайн 850мл для ягод
8432620;ВитаМайн 850мл для ягод
8432621;ВитаМайн 850мл для ягод
8432622;ВитаМайн 850мл для ягод
8432623;ВитаМайн 850мл для ягод
8432624;ВитаМайн 850мл для ягод
8432625;ВитаМайн 850мл для ягод
8432626;ВитаМайн 850мл для ягод
8432627;ВитаМайн 850мл для ягод
8432628;ВитаМайн 850мл для ягод
8432629;ВитаМайн 850мл для ягод
8432630;ВитаМайн 850мл для ягод
8432631;ВитаМайн 850мл для ягод
8432632;ВитаМайн 850мл для ягод
8432633;ВитаМайн 850мл для ягод
8432634;ВитаМайн 850мл для ягод
8432635;ВитаМайн 850мл для ягод
8432636;ВитаМайн 850мл для ягод
8432637;ВитаМайн 850мл для ягод
8432638;ВитаМайн 850мл для ягод
8432639;ВитаМайн 850мл для ягод
8432640;ВитаМайн 850мл для ягод
8432641;ВитаМайн 850мл для ягод
8432642;ВитаМайн 850мл для ягод
8432643;ВитаМайн 850мл для ягод
8432644;ВитаМайн 850мл для ягод
8432645;ВитаМайн 850мл для ягод
8432646;ВитаМайн 850мл для ягод
8432647;ВитаМайн 850мл для ягод
8432648;ВитаМайн 850мл для ягод
8432649;ВитаМайн 850мл для ягод
8432650;ВитаМайн 850мл для ягод
8432651;ВитаМайн 850мл для ягод
8432652;ВитаМайн 850мл для ягод
8432653;ВитаМайн 850мл для ягод
8432654;ВитаМайн 850мл для ягод
8432655;ВитаМайн 850мл для ягод
8432656;ВитаМайн 850мл для ягод
8432657;ВитаМайн 850мл для ягод
8432658;ВитаМайн 850мл для ягод
8432659;ВитаМайн 850мл для ягод
8432660;ВитаМайн 850мл для ягод
8432661;ВитаМайн 850мл для ягод
8432662;ВитаМайн 850мл для ягод
8432663;ВитаМайн 850мл для ягод
8432664;ВитаМайн 850мл для ягод
8432665;ВитаМайн 850мл для ягод
8432666;ВитаМайн 850мл для ягод
8432667;ВитаМайн 850мл для ягод
8432668;ВитаМайн 850мл для ягод
8432669;ВитаМайн 850мл для ягод
8432670;ВитаМайн 850мл для ягод
8432671;ВитаМайн 850мл для ягод
8432672;ВитаМайн 850мл для ягод
8432673;ВитаМайн 850мл для ягод
8432674;ВитаМайн 850мл для ягод
8432675;ВитаМайн 850мл для ягод
8432676;ВитаМайн 850мл для ягод
8432677;ВитаМайн 850мл для ягод
8432678;ВитаМайн 850мл для ягод
8432679;ВитаМайн 850мл для ягод
8432680;ВитаМайн 850мл для ягод
8432681;ВитаМайн 850мл для ягод
8432682;ВитаМайн 850мл для ягод
8432683;ВитаМайн 850мл для ягод
8432684;ВитаМайн 850мл для ягод
8432685;ВитаМайн 850мл для ягод
8432686;ВитаМайн 850мл для ягод
8432687;ВитаМайн 850мл для ягод
8432688;ВитаМайн 850мл для ягод
8432689;ВитаМайн 850мл для ягод
8432690;ВитаМайн 850мл для ягод
8432691;ВитаМайн 850мл для ягод
8432692;ВитаМайн 850мл для ягод
8432693;ВитаМайн 850мл для ягод
8432694;ВитаМайн 850мл для ягод
8432695;ВитаМайн 850мл для ягод
8432696;ВитаМайн 850мл для ягод
8432697;ВитаМайн 850мл для ягод
8432698;ВитаМайн 850мл для ягод
8432699;ВитаМайн 850мл для ягод
8432700;ВитаМайн 850мл для ягод
8432701;ВитаМайн 850мл для ягод
8432702;ВитаМайн 850мл для ягод
8432703;ВитаМайн 850мл для ягод
8432704;ВитаМайн 850мл для ягод
8432705;ВитаМайн 850мл для ягод
8432706;ВитаМайн 850мл для ягод
8433414;ВитаМайн 850мл для газона
8432707;ВитаМайн 850мл для газона
8432708;ВитаМайн 850мл для газона
8432709;ВитаМайн 850мл для газона
8432710;ВитаМайн 850мл для газона
8432711;ВитаМайн 850мл для газона
8432712;ВитаМайн 850мл для газона
8432713;ВитаМайн 850мл для газона
8432714;ВитаМайн 850мл для газона
8432715;ВитаМайн 850мл для газона
8432716;ВитаМайн 850мл для газона
8432717;ВитаМайн 850мл для газона
8432718;ВитаМайн 850мл для газона
8432719;ВитаМайн 850мл для газона
8432720;ВитаМайн 850мл для газона
8432721;ВитаМайн 850мл для газона
8432722;ВитаМайн 850мл для газона
8432723;ВитаМайн 850мл для газона
8432724;ВитаМайн 850мл для газона
8432725;ВитаМайн 850мл для газона
8432726;ВитаМайн 850мл для газона
8432727;ВитаМайн 850мл для газона
8432728;ВитаМайн 850мл для газона
8432729;ВитаМайн 850мл для газона
8432730;ВитаМайн 850мл для газона
8432731;ВитаМайн 850мл для газона
8432732;ВитаМайн 850мл для газона
8432733;ВитаМайн 850мл для газона
8432734;ВитаМайн 850мл для газона
8432735;ВитаМайн 850мл для газона
8432736;ВитаМайн 850мл для газона
8432737;ВитаМайн 850мл для газона
8432738;ВитаМайн 850мл для газона
8432739;ВитаМайн 850мл для газона
8432740;ВитаМайн 850мл для газона
8432741;ВитаМайн 850мл для газона
8432742;ВитаМайн 850мл для газона
8432743;ВитаМайн 850мл для газона
8432744;ВитаМайн 850мл для газона
8432745;ВитаМайн 850мл для газона
8432746;ВитаМайн 850мл для газона
8432747;ВитаМайн 850мл для газона
8432748;ВитаМайн 850мл для газона
8432749;ВитаМайн 850мл для газона
8432750;ВитаМайн 850мл для газона
8432751;ВитаМайн 850мл для газона
8432752;ВитаМайн 850мл для газона
8432753;ВитаМайн 850мл для газона
8432754;ВитаМайн 850мл для газона
8432755;ВитаМайн 850мл для газона
8432756;ВитаМайн 850мл для газона
8432757;ВитаМайн 850мл для газона
8432758;ВитаМайн 850мл для газона
8432759;ВитаМайн 850мл для газона
8432760;ВитаМайн 850мл для газона
8432761;ВитаМайн 850мл для газона
8432762;ВитаМайн 850мл для газона
8432763;ВитаМайн 850мл для газона
8432764;ВитаМайн 850мл для газона
8432765;ВитаМайн 850мл для газона
8432766;ВитаМайн 850мл для газона
8432767;ВитаМайн 850мл для газона
8432768;ВитаМайн 850мл для газона
8432769;ВитаМайн 850мл для газона
8432770;ВитаМайн 850мл для газона
8432771;ВитаМайн 850мл для газона
8432772;ВитаМайн 850мл для газона
8432773;ВитаМайн 850мл для газона
8432774;ВитаМайн 850мл для газона
8432775;ВитаМайн 850мл для газона
8432776;ВитаМайн 850мл для газона
8432777;ВитаМайн 850мл для газона
8432778;ВитаМайн 850мл для газона
8432779;ВитаМайн 850мл для газона
8432780;ВитаМайн 850мл для газона
8432781;ВитаМайн 850мл для газона
8432782;ВитаМайн 850мл для газона
8432783;ВитаМайн 850мл для газона
8432784;ВитаМайн 850мл для газона
8432785;ВитаМайн 850мл для газона
8432786;ВитаМайн 850мл для газона
8432787;ВитаМайн 850мл для газона
8432788;ВитаМайн 850мл для газона
8432789;ВитаМайн 850мл для газона
8432790;ВитаМайн 850мл для газона
8432791;ВитаМайн 850мл для газона
8432792;ВитаМайн 850мл для газона
8432793;ВитаМайн 850мл для газона
8432794;ВитаМайн 850мл для газона
8432795;ВитаМайн 850мл для газона
8432796;ВитаМайн 850мл для газона
8432797;ВитаМайн 850мл для газона
8432798;ВитаМайн 850мл для газона
8432799;ВитаМайн 850мл для газона
8432800;ВитаМайн 850мл для газона
8432801;ВитаМайн 850мл для газона
8432802;ВитаМайн 850мл для газона
8432803;ВитаМайн 850мл для газона
8432804;ВитаМайн 850мл для газона
8432805;ВитаМайн 850мл для газона
8432806;ВитаМайн 850мл для газона
8432807;ВитаМайн 850мл для комнатных цветов
8432808;ВитаМайн 850мл для комнатных цветов
8432809;ВитаМайн 850мл для комнатных цветов
8432810;ВитаМайн 850мл для комнатных цветов
8432811;ВитаМайн 850мл для комнатных цветов
8432812;ВитаМайн 850мл для комнатных цветов
8432813;ВитаМайн 850мл для комнатных цветов
8432814;ВитаМайн 850мл для комнатных цветов
8432815;ВитаМайн 850мл для комнатных цветов
8432816;ВитаМайн 850мл для комнатных цветов
8432817;ВитаМайн 850мл для комнатных цветов
8432818;ВитаМайн 850мл для комнатных цветов
8432819;ВитаМайн 850мл для комнатных цветов
8432820;ВитаМайн 850мл для комнатных цветов
8432821;ВитаМайн 850мл для комнатных цветов
8432822;ВитаМайн 850мл для комнатных цветов
8432823;ВитаМайн 850мл для комнатных цветов
8432824;ВитаМайн 850мл для комнатных цветов
8432825;ВитаМайн 850мл для комнатных цветов
8432826;ВитаМайн 850мл для комнатных цветов
8432827;ВитаМайн 850мл для комнатных цветов
8432828;ВитаМайн 850мл для комнатных цветов
8432829;ВитаМайн 850мл для комнатных цветов
8432830;ВитаМайн 850мл для комнатных цветов
8432831;ВитаМайн 850мл для комнатных цветов
8432832;ВитаМайн 850мл для комнатных цветов
8432833;ВитаМайн 850мл для комнатных цветов
8432834;ВитаМайн 850мл для комнатных цветов
8432835;ВитаМайн 850мл для комнатных цветов
8432836;ВитаМайн 850мл для комнатных цветов
8432837;ВитаМайн 850мл для комнатных цветов
8432838;ВитаМайн 850мл для комнатных цветов
8432839;ВитаМайн 850мл для комнатных цветов
8432840;ВитаМайн 850мл для комнатных цветов
8432841;ВитаМайн 850мл для комнатных цветов
8432842;ВитаМайн 850мл для комнатных цветов
8432843;ВитаМайн 850мл для комнатных цветов
8432844;ВитаМайн 850мл для комнатных цветов
8432845;ВитаМайн 850мл для комнатных цветов
8432846;ВитаМайн 850мл для комнатных цветов
8432847;ВитаМайн 850мл для комнатных цветов
8432848;ВитаМайн 850мл для комнатных цветов
8432849;ВитаМайн 850мл для комнатных цветов
8432850;ВитаМайн 850мл для комнатных цветов
8432851;ВитаМайн 850мл для комнатных цветов
8432852;ВитаМайн 850мл для комнатных цветов
8432853;ВитаМайн 850мл для комнатных цветов
8432854;ВитаМайн 850мл для комнатных цветов
8432855;ВитаМайн 850мл для комнатных цветов
8432856;ВитаМайн 850мл для комнатных цветов
8432857;ВитаМайн 850мл для комнатных цветов
8432858;ВитаМайн 850мл для комнатных цветов
8432859;ВитаМайн 850мл для комнатных цветов
8432860;ВитаМайн 850мл для комнатных цветов
8432861;ВитаМайн 850мл для комнатных цветов
8432862;ВитаМайн 850мл для комнатных цветов
8432863;ВитаМайн 850мл для комнатных цветов
8432864;ВитаМайн 850мл для комнатных цветов
8432865;ВитаМайн 850мл для комнатных цветов
8432866;ВитаМайн 850мл для комнатных цветов
8432867;ВитаМайн 850мл для комнатных цветов
8432868;ВитаМайн 850мл для комнатных цветов
8432869;ВитаМайн 850мл для комнатных цветов
8432870;ВитаМайн 850мл для комнатных цветов
8432871;ВитаМайн 850мл для комнатных цветов
8432872;ВитаМайн 850мл для комнатных цветов
8432873;ВитаМайн 850мл для комнатных цветов
8432874;ВитаМайн 850мл для комнатных цветов
8432875;ВитаМайн 850мл для комнатных цветов
8432876;ВитаМайн 850мл для комнатных цветов
8432877;ВитаМайн 850мл для комнатных цветов
8432878;ВитаМайн 850мл для комнатных цветов
8432879;ВитаМайн 850мл для комнатных цветов
8432880;ВитаМайн 850мл для комнатных цветов
8432881;ВитаМайн 850мл для комнатных цветов
8432882;ВитаМайн 850мл для овощей
8432883;ВитаМайн 850мл для овощей
8432884;ВитаМайн 850мл для овощей
8432885;ВитаМайн 850мл для овощей
8432886;ВитаМайн 850мл для овощей
8432887;ВитаМайн 850мл для овощей
8432888;ВитаМайн 850мл для овощей
8432889;ВитаМайн 850мл для овощей
8432890;ВитаМайн 850мл для овощей
8432891;ВитаМайн 850мл для овощей
8432892;ВитаМайн 850мл для овощей
8432893;ВитаМайн 850мл для овощей
8432894;ВитаМайн 850мл для овощей
8432895;ВитаМайн 850мл для овощей
8432896;ВитаМайн 850мл для овощей
8432897;ВитаМайн 850мл для овощей
8432898;ВитаМайн 850мл для овощей
8432899;ВитаМайн 850мл для овощей
8432900;ВитаМайн 850мл для овощей
8432901;ВитаМайн 850мл для овощей
8432902;ВитаМайн 850мл для овощей
8432903;ВитаМайн 850мл для овощей
8432904;ВитаМайн 850мл для овощей
8432905;ВитаМайн 850мл для овощей
8432906;ВитаМайн 850мл для овощей
8432907;ВитаМайн 850мл для овощей
8432908;ВитаМайн 850мл для овощей
8432909;ВитаМайн 850мл для овощей
8432910;ВитаМайн 850мл для овощей
8432911;ВитаМайн 850мл для овощей
8432912;ВитаМайн 850мл для овощей
8432913;ВитаМайн 850мл для овощей
8432914;ВитаМайн 850мл для овощей
8432915;ВитаМайн 850мл для овощей
8432916;ВитаМайн 850мл для овощей
8432917;ВитаМайн 850мл для овощей
8432918;ВитаМайн 850мл для овощей
8432919;ВитаМайн 850мл для овощей
8432920;ВитаМайн 850мл для овощей
8432921;ВитаМайн 850мл для овощей
8432922;ВитаМайн 850мл для овощей
8432923;ВитаМайн 850мл для овощей
8432924;ВитаМайн 850мл для овощей
8432925;ВитаМайн 850мл для овощей
8432926;ВитаМайн 850мл для овощей
8432927;ВитаМайн 850мл для овощей
8432928;ВитаМайн 850мл для овощей
8432929;ВитаМайн 850мл для овощей
8432930;ВитаМайн 850мл для овощей
8432931;ВитаМайн 850мл для овощей
8432932;ВитаМайн 850мл для овощей
8432933;ВитаМайн 850мл для овощей
8432934;ВитаМайн 850мл для овощей
8432935;ВитаМайн 850мл для овощей
8432936;ВитаМайн 850мл для овощей
8432937;ВитаМайн 850мл для овощей
8432938;ВитаМайн 850мл для овощей
8432939;ВитаМайн 850мл для овощей
8432940;ВитаМайн 850мл для овощей
8432941;ВитаМайн 850мл для овощей
8432942;ВитаМайн 850мл для овощей
8432943;ВитаМайн 850мл для овощей
8432944;ВитаМайн 850мл для овощей
8432945;ВитаМайн 850мл для овощей
8432946;ВитаМайн 850мл для овощей
8432947;ВитаМайн 850мл для овощей
8432948;ВитаМайн 850мл для овощей
8432949;ВитаМайн 850мл для овощей
8432950;ВитаМайн 850мл для овощей
8432951;ВитаМайн 850мл для овощей
8432952;ВитаМайн 850мл для овощей
8432953;ВитаМайн 850мл для овощей
8432954;ВитаМайн 850мл для овощей
8432955;ВитаМайн 850мл для овощей
8432956;ВитаМайн 850мл для овощей
8432957;ВитаМайн 850мл для хвойных
8432958;ВитаМайн 850мл для хвойных
8432959;ВитаМайн 850мл для хвойных
8432960;ВитаМайн 850мл для хвойных
8432961;ВитаМайн 850мл для хвойных
8432962;ВитаМайн 850мл для хвойных
8432963;ВитаМайн 850мл для хвойных
8432964;ВитаМайн 850мл для хвойных
8432965;ВитаМайн 850мл для хвойных
8432966;ВитаМайн 850мл для хвойных
8432967;ВитаМайн 850мл для хвойных
8432968;ВитаМайн 850мл для хвойных
8432969;ВитаМайн 850мл для хвойных
8432970;ВитаМайн 850мл для хвойных
8432971;ВитаМайн 850мл для хвойных
8432972;ВитаМайн 850мл для хвойных
8432973;ВитаМайн 850мл для хвойных
8432974;ВитаМайн 850мл для хвойных
8432975;ВитаМайн 850мл для хвойных
8432976;ВитаМайн 850мл для хвойных
8432977;ВитаМайн 850мл для хвойных
8432978;ВитаМайн 850мл для хвойных
8432979;ВитаМайн 850мл для хвойных
8432980;ВитаМайн 850мл для хвойных
8432981;ВитаМайн 850мл для хвойных
8432982;ВитаМайн 850мл для хвойных
8432983;ВитаМайн 850мл для хвойных
8432984;ВитаМайн 850мл для хвойных
8432985;ВитаМайн 850мл для хвойных
8432986;ВитаМайн 850мл для хвойных
8432987;ВитаМайн 850мл для хвойных
8432988;ВитаМайн 850мл для хвойных
8432989;ВитаМайн 850мл для хвойных
8432990;ВитаМайн 850мл для хвойных
8432991;ВитаМайн 850мл для хвойных
8432992;ВитаМайн 850мл для хвойных
8432993;ВитаМайн 850мл для хвойных
8432994;ВитаМайн 850мл для хвойных
8432995;ВитаМайн 850мл для хвойных
8432996;ВитаМайн 850мл для хвойных
8432997;ВитаМайн 850мл для хвойных
8432998;ВитаМайн 850мл для хвойных
8432999;ВитаМайн 850мл для хвойных
8433000;ВитаМайн 850мл для хвойных
8433001;ВитаМайн 850мл для хвойных
8433002;ВитаМайн 850мл для хвойных
8433003;ВитаМайн 850мл для хвойных
8433004;ВитаМайн 850мл для хвойных
8433005;ВитаМайн 850мл для хвойных
8433006;ВитаМайн 850мл для хвойных
8433007;ВитаМайн 850мл для хвойных
8433008;ВитаМайн 850мл для хвойных
8433009;ВитаМайн 850мл для хвойных
8433010;ВитаМайн 850мл для хвойных
8433011;ВитаМайн 850мл для хвойных
8433012;ВитаМайн 850мл для хвойных
8433013;ВитаМайн 850мл для хвойных
8433014;ВитаМайн 850мл для хвойных
8433015;ВитаМайн 850мл для хвойных
8433016;ВитаМайн 850мл для хвойных
8433017;ВитаМайн 850мл для хвойных
8433018;ВитаМайн 850мл для хвойных
8433019;ВитаМайн 850мл для хвойных
8433020;ВитаМайн 850мл для хвойных
8433021;ВитаМайн 850мл для хвойных
8433022;ВитаМайн 850мл для хвойных
8433023;ВитаМайн 850мл для хвойных
8433024;ВитаМайн 850мл для хвойных
8433025;ВитаМайн 850мл для хвойных
8433026;ВитаМайн 850мл для хвойных
8433027;ВитаМайн 850мл для хвойных
8433028;ВитаМайн 850мл для хвойных
8433029;ВитаМайн 850мл для хвойных
8433030;ВитаМайн 850мл для хвойных
8433031;ВитаМайн 850мл для хвойных
8433417;ВитаМайн 850мл для садовых цветов
8433032;ВитаМайн 850мл для садовых цветов
8433033;ВитаМайн 850мл для садовых цветов
8433034;ВитаМайн 850мл для садовых цветов
8433035;ВитаМайн 850мл для садовых цветов
8433036;ВитаМайн 850мл для садовых цветов
8433037;ВитаМайн 850мл для садовых цветов
8433038;ВитаМайн 850мл для садовых цветов
8433039;ВитаМайн 850мл для садовых цветов
8433040;ВитаМайн 850мл для садовых цветов
8433041;ВитаМайн 850мл для садовых цветов
8433042;ВитаМайн 850мл для садовых цветов
8433043;ВитаМайн 850мл для садовых цветов
8433044;ВитаМайн 850мл для садовых цветов
8433045;ВитаМайн 850мл для садовых цветов
8433046;ВитаМайн 850мл для садовых цветов
8433047;ВитаМайн 850мл для садовых цветов
8433048;ВитаМайн 850мл для садовых цветов
8433049;ВитаМайн 850мл для садовых цветов
8433050;ВитаМайн 850мл для садовых цветов
8433051;ВитаМайн 850мл для садовых цветов
8433052;ВитаМайн 850мл для садовых цветов
8433053;ВитаМайн 850мл для садовых цветов
8433054;ВитаМайн 850мл для садовых цветов
8433055;ВитаМайн 850мл для садовых цветов
8433056;ВитаМайн 850мл для садовых цветов
8433057;ВитаМайн 850мл для садовых цветов
8433058;ВитаМайн 850мл для садовых цветов
8433059;ВитаМайн 850мл для садовых цветов
8433060;ВитаМайн 850мл для садовых цветов
8433061;ВитаМайн 850мл для садовых цветов
8433062;ВитаМайн 850мл для садовых цветов
8433063;ВитаМайн 850мл для садовых цветов
8433064;ВитаМайн 850мл для садовых цветов
8433065;ВитаМайн 850мл для садовых цветов
8433066;ВитаМайн 850мл для садовых цветов
8433067;ВитаМайн 850мл для садовых цветов
8433068;ВитаМайн 850мл для садовых цветов
8433069;ВитаМайн 850мл для садовых цветов
8433070;ВитаМайн 850мл для садовых цветов
8433071;ВитаМайн 850мл для садовых цветов
8433072;ВитаМайн 850мл для садовых цветов
8433073;ВитаМайн 850мл для садовых цветов
8433074;ВитаМайн 850мл для садовых цветов
8433075;ВитаМайн 850мл для садовых цветов
8433076;ВитаМайн 850мл для садовых цветов
8433077;ВитаМайн 850мл для садовых цветов
8433078;ВитаМайн 850мл для садовых цветов
8433079;ВитаМайн 850мл для садовых цветов
8433080;ВитаМайн 850мл для садовых цветов
8433081;ВитаМайн 850мл для садовых цветов
8433082;ВитаМайн 850мл для садовых цветов
8433083;ВитаМайн 850мл для садовых цветов
8433084;ВитаМайн 850мл для садовых цветов
8433085;ВитаМайн 850мл для садовых цветов
8433086;ВитаМайн 850мл для садовых цветов
8433087;ВитаМайн 850мл для садовых цветов
8433088;ВитаМайн 850мл для садовых цветов
8433089;ВитаМайн 850мл для садовых цветов
8433090;ВитаМайн 850мл для садовых цветов
8433091;ВитаМайн 850мл для садовых цветов
8433092;ВитаМайн 850мл для садовых цветов
8433093;ВитаМайн 850мл для садовых цветов
8433094;ВитаМайн 850мл для садовых цветов
8433095;ВитаМайн 850мл для садовых цветов
8433096;ВитаМайн 850мл для садовых цветов
8433097;ВитаМайн 850мл для садовых цветов
8433098;ВитаМайн 850мл для садовых цветов
8433099;ВитаМайн 850мл для садовых цветов
8433100;ВитаМайн 850мл для садовых цветов
8433101;ВитаМайн 850мл для садовых цветов
8433102;ВитаМайн 850мл для садовых цветов
8433103;ВитаМайн 850мл для садовых цветов
8433104;ВитаМайн 850мл для садовых цветов
8433105;ВитаМайн 850мл для садовых цветов
8433106;ВитаМайн 850мл для садовых цветов
8433107;ВитаМайн 850мл для садовых цветов
8433108;ВитаМайн 850мл для садовых цветов
8433109;ВитаМайн 850мл для садовых цветов
8433110;ВитаМайн 850мл для садовых цветов
8433111;ВитаМайн 850мл для садовых цветов
8433112;ВитаМайн 850мл для садовых цветов
8433113;ВитаМайн 850мл для садовых цветов
8433114;ВитаМайн 850мл для садовых цветов
8433115;ВитаМайн 850мл для садовых цветов
8433116;ВитаМайн 850мл для садовых цветов
8433117;ВитаМайн 850мл для садовых цветов
8433118;ВитаМайн 850мл для садовых цветов
8433119;ВитаМайн 850мл для садовых цветов
8433120;ВитаМайн 850мл для садовых цветов
8433121;ВитаМайн 850мл для садовых цветов
8433122;ВитаМайн 850мл для садовых цветов
8433123;ВитаМайн 850мл для садовых цветов
8433124;ВитаМайн 850мл для садовых цветов
8433125;ВитаМайн 850мл для садовых цветов
8433126;ВитаМайн 850мл для садовых цветов
8433127;ВитаМайн 850мл для садовых цветов
8433128;ВитаМайн 850мл для садовых цветов
8433129;ВитаМайн 850мл для садовых цветов
8433130;ВитаМайн 850мл для садовых цветов
8433131;ВитаМайн 850мл для садовых цветов
8433418;ВитаМайн 850мл УНИВЕРСАЛЬНЫЙ
8433132;ВитаМайн 850мл УНИВЕРСАЛЬНЫЙ
8433133;ВитаМайн 850мл УНИВЕРСАЛЬНЫЙ
8433134;ВитаМайн 850мл УНИВЕРСАЛЬНЫЙ
8433135;ВитаМайн 850мл УНИВЕРСАЛЬНЫЙ
8433136;ВитаМайн 850мл УНИВЕРСАЛЬНЫЙ
8433137;ВитаМайн 850мл УНИВЕРСАЛЬНЫЙ
8433138;ВитаМайн 850мл УНИВЕРСАЛЬНЫЙ
8433139;ВитаМайн 850мл УНИВЕРСАЛЬНЫЙ
8433140;ВитаМайн 850мл УНИВЕРСАЛЬНЫЙ
8433141;ВитаМайн 850мл УНИВЕРСАЛЬНЫЙ
8433142;ВитаМайн 850мл УНИВЕРСАЛЬНЫЙ
8433143;ВитаМайн 850мл УНИВЕРСАЛЬНЫЙ
8433144;ВитаМайн 850мл УНИВЕРСАЛЬНЫЙ
8433145;ВитаМайн 850мл УНИВЕРСАЛЬНЫЙ
8433146;ВитаМайн 850мл УНИВЕРСАЛЬНЫЙ
8433147;ВитаМайн 850мл УНИВЕРСАЛЬНЫЙ
8433148;ВитаМайн 850мл УНИВЕРСАЛЬНЫЙ
8433149;ВитаМайн 850мл УНИВЕРСАЛЬНЫЙ
8433150;ВитаМайн 850мл УНИВЕРСАЛЬНЫЙ
8433151;ВитаМайн 850мл УНИВЕРСАЛЬНЫЙ
8433152;ВитаМайн 850мл УНИВЕРСАЛЬНЫЙ
8433153;ВитаМайн 850мл УНИВЕРСАЛЬНЫЙ
8433154;ВитаМайн 850мл УНИВЕРСАЛЬНЫЙ
8433155;ВитаМайн 850мл УНИВЕРСАЛЬНЫЙ
8433156;ВитаМайн 850мл УНИВЕРСАЛЬНЫЙ
8433157;ВитаМайн 850мл УНИВЕРСАЛЬНЫЙ
8433158;ВитаМайн 850мл УНИВЕРСАЛЬНЫЙ
8433159;ВитаМайн 850мл УНИВЕРСАЛЬНЫЙ
8433160;ВитаМайн 850мл УНИВЕРСАЛЬНЫЙ
8433161;ВитаМайн 850мл УНИВЕРСАЛЬНЫЙ
8433162;ВитаМайн 850мл УНИВЕРСАЛЬНЫЙ
8433163;ВитаМайн 850мл УНИВЕРСАЛЬНЫЙ
8433164;ВитаМайн 850мл УНИВЕРСАЛЬНЫЙ
8433165;ВитаМайн 850мл УНИВЕРСАЛЬНЫЙ
8433166;ВитаМайн 850мл УНИВЕРСАЛЬНЫЙ
8433167;ВитаМайн 850мл УНИВЕРСАЛЬНЫЙ
8433168;ВитаМайн 850мл УНИВЕРСАЛЬНЫЙ
8433169;ВитаМайн 850мл УНИВЕРСАЛЬНЫЙ
8433170;ВитаМайн 850мл УНИВЕРСАЛЬНЫЙ
8433171;ВитаМайн 850мл УНИВЕРСАЛЬНЫЙ
8433172;ВитаМайн 850мл УНИВЕРСАЛЬНЫЙ
8433173;ВитаМайн 850мл УНИВЕРСАЛЬНЫЙ
8433174;ВитаМайн 850мл УНИВЕРСАЛЬНЫЙ
8433175;ВитаМайн 850мл УНИВЕРСАЛЬНЫЙ
8433176;ВитаМайн 850мл УНИВЕРСАЛЬНЫЙ
8433177;ВитаМайн 850мл УНИВЕРСАЛЬНЫЙ
8433178;ВитаМайн 850мл УНИВЕРСАЛЬНЫЙ
8433179;ВитаМайн 850мл УНИВЕРСАЛЬНЫЙ
8433180;ВитаМайн 850мл УНИВЕРСАЛЬНЫЙ
8433181;ВитаМайн 850мл УНИВЕРСАЛЬНЫЙ
8433182;ВитаМайн 850мл УНИВЕРСАЛЬНЫЙ
8433183;ВитаМайн 850мл УНИВЕРСАЛЬНЫЙ
8433184;ВитаМайн 850мл УНИВЕРСАЛЬНЫЙ
8433185;ВитаМайн 850мл УНИВЕРСАЛЬНЫЙ
8433186;ВитаМайн 850мл УНИВЕРСАЛЬНЫЙ
8433187;ВитаМайн 850мл УНИВЕРСАЛЬНЫЙ
8433188;ВитаМайн 850мл УНИВЕРСАЛЬНЫЙ
8433189;ВитаМайн 850мл УНИВЕРСАЛЬНЫЙ
8433190;ВитаМайн 850мл УНИВЕРСАЛЬНЫЙ
8433191;ВитаМайн 850мл УНИВЕРСАЛЬНЫЙ
8433192;ВитаМайн 850мл УНИВЕРСАЛЬНЫЙ
8433193;ВитаМайн 850мл УНИВЕРСАЛЬНЫЙ
8433194;ВитаМайн 850мл УНИВЕРСАЛЬНЫЙ
8433195;ВитаМайн 850мл УНИВЕРСАЛЬНЫЙ
8433196;ВитаМайн 850мл УНИВЕРСАЛЬНЫЙ
8433197;ВитаМайн 850мл УНИВЕРСАЛЬНЫЙ
8433198;ВитаМайн 850мл УНИВЕРСАЛЬНЫЙ
8433199;ВитаМайн 850мл УНИВЕРСАЛЬНЫЙ
8433200;ВитаМайн 850мл УНИВЕРСАЛЬНЫЙ
8433201;ВитаМайн 850мл УНИВЕРСАЛЬНЫЙ
8433202;ВитаМайн 850мл УНИВЕРСАЛЬНЫЙ
8433203;ВитаМайн 850мл УНИВЕРСАЛЬНЫЙ
8433204;ВитаМайн 850мл УНИВЕРСАЛЬНЫЙ
8433205;ВитаМайн 850мл УНИВЕРСАЛЬНЫЙ
8433206;ВитаМайн 850мл УНИВЕРСАЛЬНЫЙ
8433207;ВитаМайн 850мл УНИВЕРСАЛЬНЫЙ
8433208;ВитаМайн 850мл УНИВЕРСАЛЬНЫЙ
8433209;ВитаМайн 850мл УНИВЕРСАЛЬНЫЙ
8433210;ВитаМайн 850мл УНИВЕРСАЛЬНЫЙ
8433211;ВитаМайн 850мл УНИВЕРСАЛЬНЫЙ
8433212;ВитаМайн 850мл УНИВЕРСАЛЬНЫЙ
8433213;ВитаМайн 850мл УНИВЕРСАЛЬНЫЙ
8433214;ВитаМайн 850мл УНИВЕРСАЛЬНЫЙ
8433215;ВитаМайн 850мл УНИВЕРСАЛЬНЫЙ
8433216;ВитаМайн 850мл УНИВЕРСАЛЬНЫЙ
8433217;ВитаМайн 850мл УНИВЕРСАЛЬНЫЙ
8433218;ВитаМайн 850мл УНИВЕРСАЛЬНЫЙ
8433219;ВитаМайн 850мл УНИВЕРСАЛЬНЫЙ
8433220;ВитаМайн 850мл УНИВЕРСАЛЬНЫЙ
8433221;ВитаМайн 850мл УНИВЕРСАЛЬНЫЙ
8433222;ВитаМайн 850мл УНИВЕРСАЛЬНЫЙ
8433223;ВитаМайн 850мл УНИВЕРСАЛЬНЫЙ
8433224;ВитаМайн 850мл УНИВЕРСАЛЬНЫЙ
8433225;ВитаМайн 850мл УНИВЕРСАЛЬНЫЙ
8433226;ВитаМайн 850мл УНИВЕРСАЛЬНЫЙ
8433227;ВитаМайн 850мл УНИВЕРСАЛЬНЫЙ
8433228;ВитаМайн 850мл УНИВЕРСАЛЬНЫЙ
8433229;ВитаМайн 850мл УНИВЕРСАЛЬНЫЙ
8433230;ВитаМайн 850мл УНИВЕРСАЛЬНЫЙ
8433231;ВитаМайн 850мл УНИВЕРСАЛЬНЫЙ
8433232;ВитаМайн 850мл УНИВЕРСАЛЬНЫЙ
8433233;ВитаМайн 850мл УНИВЕРСАЛЬНЫЙ
8433234;ВитаМайн 850мл УНИВЕРСАЛЬНЫЙ
8433235;ВитаМайн 850мл УНИВЕРСАЛЬНЫЙ
8433236;ВитаМайн 850мл УНИВЕРСАЛЬНЫЙ
8433237;ВитаМайн 850мл УНИВЕРСАЛЬНЫЙ
8433238;ВитаМайн 850мл УНИВЕРСАЛЬНЫЙ
8433239;ВитаМайн 850мл УНИВЕРСАЛЬНЫЙ
8433240;ВитаМайн 850мл УНИВЕРСАЛЬНЫЙ
8433241;ВитаМайн 850мл УНИВЕРСАЛЬНЫЙ
8433242;ВитаМайн 850мл УНИВЕРСАЛЬНЫЙ
8433243;ВитаМайн 850мл УНИВЕРСАЛЬНЫЙ
8433244;ВитаМайн 850мл УНИВЕРСАЛЬНЫЙ
8433245;ВитаМайн 850мл УНИВЕРСАЛЬНЫЙ
8433246;ВитаМайн 850мл УНИВЕРСАЛЬНЫЙ
8433247;ВитаМайн 850мл УНИВЕРСАЛЬНЫЙ
8433248;ВитаМайн 850мл УНИВЕРСАЛЬНЫЙ
8433249;ВитаМайн 850мл УНИВЕРСАЛЬНЫЙ
8433250;ВитаМайн 850мл УНИВЕРСАЛЬНЫЙ
8433251;ВитаМайн 850мл УНИВЕРСАЛЬНЫЙ
8433252;ВитаМайн 850мл УНИВЕРСАЛЬНЫЙ
8433253;ВитаМайн 850мл УНИВЕРСАЛЬНЫЙ
8433254;ВитаМайн 850мл УНИВЕРСАЛЬНЫЙ
8433255;ВитаМайн 850мл УНИВЕРСАЛЬНЫЙ
8433256;ВитаМайн 850мл УНИВЕРСАЛЬНЫЙ
8433257;ВитаМайн 850мл УНИВЕРСАЛЬНЫЙ
8433258;ВитаМайн 850мл УНИВЕРСАЛЬНЫЙ
8433259;ВитаМайн 850мл УНИВЕРСАЛЬНЫЙ
8433260;ВитаМайн 850мл УНИВЕРСАЛЬНЫЙ
8433261;ВитаМайн 850мл УНИВЕРСАЛЬНЫЙ
8433262;ВитаМайн 850мл УНИВЕРСАЛЬНЫЙ
8433263;ВитаМайн 850мл УНИВЕРСАЛЬНЫЙ
8433264;ВитаМайн 850мл УНИВЕРСАЛЬНЫЙ
8433265;ВитаМайн 850мл УНИВЕРСАЛЬНЫЙ
8433266;ВитаМайн 850мл УНИВЕРСАЛЬНЫЙ
8433267;ВитаМайн 850мл УНИВЕРСАЛЬНЫЙ
8433268;ВитаМайн 850мл УНИВЕРСАЛЬНЫЙ
8433269;ВитаМайн 850мл УНИВЕРСАЛЬНЫЙ
8433270;ВитаМайн 850мл УНИВЕРСАЛЬНЫЙ
8433271;ВитаМайн 850мл УНИВЕРСАЛЬНЫЙ
8433272;ВитаМайн 850мл УНИВЕРСАЛЬНЫЙ
8433273;ВитаМайн 850мл УНИВЕРСАЛЬНЫЙ
8433274;ВитаМайн 850мл УНИВЕРСАЛЬНЫЙ
8433275;ВитаМайн 850мл УНИВЕРСАЛЬНЫЙ
8433276;ВитаМайн 850мл УНИВЕРСАЛЬНЫЙ
8433277;ВитаМайн 850мл УНИВЕРСАЛЬНЫЙ
8433278;ВитаМайн 850мл УНИВЕРСАЛЬНЫЙ
8433279;ВитаМайн 850мл УНИВЕРСАЛЬНЫЙ
8433280;ВитаМайн 850мл УНИВЕРСАЛЬНЫЙ
8433281;ВитаМайн 850мл УНИВЕРСАЛЬНЫЙ
8433282;ВитаМайн 850мл УНИВЕРСАЛЬНЫЙ
8433283;ВитаМайн 850мл УНИВЕРСАЛЬНЫЙ
8433284;ВитаМайн 850мл УНИВЕРСАЛЬНЫЙ
8433285;ВитаМайн 850мл УНИВЕРСАЛЬНЫЙ
8433286;ВитаМайн 850мл УНИВЕРСАЛЬНЫЙ
8433287;ВитаМайн 850мл УНИВЕРСАЛЬНЫЙ
8433288;ВитаМайн 850мл УНИВЕРСАЛЬНЫЙ
8433289;ВитаМайн 850мл УНИВЕРСАЛЬНЫЙ
8433290;ВитаМайн 850мл УНИВЕРСАЛЬНЫЙ
8433291;ВитаМайн 850мл УНИВЕРСАЛЬНЫЙ
8433292;ВитаМайн 850мл УНИВЕРСАЛЬНЫЙ
8433293;ВитаМайн 850мл УНИВЕРСАЛЬНЫЙ
8433294;ВитаМайн 850мл УНИВЕРСАЛЬНЫЙ
8433295;ВитаМайн 850мл УНИВЕРСАЛЬНЫЙ
8433296;ВитаМайн 850мл УНИВЕРСАЛЬНЫЙ
8433297;ВитаМайн 850мл УНИВЕРСАЛЬНЫЙ
8433298;ВитаМайн 850мл УНИВЕРСАЛЬНЫЙ
8433299;ВитаМайн 850мл УНИВЕРСАЛЬНЫЙ
8433300;ВитаМайн 850мл УНИВЕРСАЛЬНЫЙ
8433301;ВитаМайн 850мл УНИВЕРСАЛЬНЫЙ
8433302;ВитаМайн 850мл УНИВЕРСАЛЬНЫЙ
8433303;ВитаМайн 850мл УНИВЕРСАЛЬНЫЙ
8433304;ВитаМайн 850мл УНИВЕРСАЛЬНЫЙ
8433305;ВитаМайн 850мл УНИВЕРСАЛЬНЫЙ
8433306;ВитаМайн 850мл УНИВЕРСАЛЬНЫЙ
8433307;ВитаМайн 850мл УНИВЕРСАЛЬНЫЙ
8433308;ВитаМайн 850мл УНИВЕРСАЛЬНЫЙ
8433309;ВитаМайн 850мл УНИВЕРСАЛЬНЫЙ
8433310;ВитаМайн 850мл УНИВЕРСАЛЬНЫЙ
8433311;ВитаМайн 850мл УНИВЕРСАЛЬНЫЙ
8433312;ВитаМайн 850мл УНИВЕРСАЛЬНЫЙ
8433313;ВитаМайн 850мл УНИВЕРСАЛЬНЫЙ
8433314;ВитаМайн 850мл УНИВЕРСАЛЬНЫЙ
8433315;ВитаМайн 850мл УНИВЕРСАЛЬНЫЙ
8433316;ВитаМайн 850мл УНИВЕРСАЛЬНЫЙ
8433317;ВитаМайн 850мл УНИВЕРСАЛЬНЫЙ
8433318;ВитаМайн 850мл УНИВЕРСАЛЬНЫЙ
8433319;ВитаМайн 850мл УНИВЕРСАЛЬНЫЙ
8433320;ВитаМайн 850мл УНИВЕРСАЛЬНЫЙ
8433321;ВитаМайн 850мл УНИВЕРСАЛЬНЫЙ
